year,hour,fueltech,fueltech_label,avg_power_mw
2024,0,battery,Battery,-4.554368590909092
2024,1,battery,Battery,-4.140335227272728
2024,2,battery,Battery,-7.639352636363636
2024,3,battery,Battery,-5.7650235
2024,4,battery,Battery,-3.8342625652173914
2024,5,battery,Battery,-2.5009597826086956
2024,6,battery,Battery,5.800241260869566
2024,7,battery,Battery,9.07409895652174
2024,8,battery,Battery,-4.02617504347826
2024,9,battery,Battery,-9.418266347826087
2024,10,battery,Battery,-16.297647086956523
2024,11,battery,Battery,-19.148863739130437
2024,12,battery,Battery,-21.897917826086957
2024,13,battery,Battery,-22.74476369565217
2024,14,battery,Battery,-17.14318908695652
2024,15,battery,Battery,-7.482190956521738
2024,16,battery,Battery,-2.254735260869565
2024,17,battery,Battery,9.888219652173913
2024,18,battery,Battery,48.9630177826087
2024,19,battery,Battery,34.349099260869565
2024,20,battery,Battery,6.770193043478261
2024,21,battery,Battery,-0.36062247826086963
2024,22,battery,Battery,1.2449546521739132
2024,23,battery,Battery,-2.3800731739130434
2025,0,battery,Battery,-6.194302566666667
2025,1,battery,Battery,-20.094019433333337
2025,2,battery,Battery,-25.63906366666667
2025,3,battery,Battery,-19.634123266666666
2025,4,battery,Battery,-8.331822766666667
2025,5,battery,Battery,15.205199200000001
2025,6,battery,Battery,78.33792976666668
2025,7,battery,Battery,48.47230663333333
2025,8,battery,Battery,-30.939556633333332
2025,9,battery,Battery,-134.07388826666667
2025,10,battery,Battery,-169.39301913333333
2025,11,battery,Battery,-166.90179246666668
2025,12,battery,Battery,-145.7297922333333
2025,13,battery,Battery,-97.72222663333334
2025,14,battery,Battery,-48.6167819
2025,15,battery,Battery,-21.933618366666668
2025,16,battery,Battery,-23.308755899999998
2025,17,battery,Battery,181.1822194
2025,18,battery,Battery,242.7025235
2025,19,battery,Battery,83.03536116666666
2025,20,battery,Battery,36.224644533333326
2025,21,battery,Battery,7.3691803
2025,22,battery,Battery,16.5495072
2025,23,battery,Battery,9.419920766666667
2026,0,battery,Battery,-10.580900033333334
2026,1,battery,Battery,-37.99357223333333
2026,2,battery,Battery,-39.268073666666666
2026,3,battery,Battery,-43.764689399999995
2026,4,battery,Battery,-19.798940566666666
2026,5,battery,Battery,40.384701666666665
2026,6,battery,Battery,195.5979789
2026,7,battery,Battery,-97.4581219
2026,8,battery,Battery,-414.60674980000005
2026,9,battery,Battery,-642.0773622666667
2026,10,battery,Battery,-755.7231549666667
2026,11,battery,Battery,-661.8409080333333
2026,12,battery,Battery,-533.3535186
2026,13,battery,Battery,-376.6051739
2026,14,battery,Battery,-209.13491463333332
2026,15,battery,Battery,-43.77769466666667
2026,16,battery,Battery,235.55860829999997
2026,17,battery,Battery,940.3319105666667
2026,18,battery,Battery,930.1432278
2026,19,battery,Battery,426.4068145
2026,20,battery,Battery,215.0350505333333
2026,21,battery,Battery,137.02982033333333
2026,22,battery,Battery,62.916645233333334
2026,23,battery,Battery,13.770461933333333
2024,0,battery_charging,battery_charging,11.481586066666667
2024,1,battery_charging,battery_charging,12.898332266666666
2024,2,battery_charging,battery_charging,16.093585233333332
2024,3,battery_charging,battery_charging,16.901405566666668
2024,4,battery_charging,battery_charging,10.866923933333334
2024,5,battery_charging,battery_charging,4.8816142000000005
2024,6,battery_charging,battery_charging,2.1774036
2024,7,battery_charging,battery_charging,2.4318275333333332
2024,8,battery_charging,battery_charging,10.2866977
2024,9,battery_charging,battery_charging,27.610709766666666
2024,10,battery_charging,battery_charging,61.82408363333333
2024,11,battery_charging,battery_charging,66.16139030000001
2024,12,battery_charging,battery_charging,65.63759603333334
2024,13,battery_charging,battery_charging,48.68388693333333
2024,14,battery_charging,battery_charging,26.557878566666666
2024,15,battery_charging,battery_charging,18.979361700000002
2024,16,battery_charging,battery_charging,10.451893333333334
2024,17,battery_charging,battery_charging,2.3448872
2024,18,battery_charging,battery_charging,0.1631147666666667
2024,19,battery_charging,battery_charging,0.5467477666666666
2024,20,battery_charging,battery_charging,0.9309102666666667
2024,21,battery_charging,battery_charging,4.179196666666667
2024,22,battery_charging,battery_charging,4.436459133333333
2024,23,battery_charging,battery_charging,5.625468633333333
2025,0,battery_charging,battery_charging,20.8647442
2025,1,battery_charging,battery_charging,30.814540066666666
2025,2,battery_charging,battery_charging,36.173483600000004
2025,3,battery_charging,battery_charging,29.698254833333333
2025,4,battery_charging,battery_charging,19.309078533333334
2025,5,battery_charging,battery_charging,9.9718283
2025,6,battery_charging,battery_charging,6.521548066666667
2025,7,battery_charging,battery_charging,9.675489233333334
2025,8,battery_charging,battery_charging,53.96146863333333
2025,9,battery_charging,battery_charging,162.98933113333334
2025,10,battery_charging,battery_charging,197.81737863333333
2025,11,battery_charging,battery_charging,188.22146663333334
2025,12,battery_charging,battery_charging,168.11521443333334
2025,13,battery_charging,battery_charging,121.68932960000001
2025,14,battery_charging,battery_charging,74.15169496666667
2025,15,battery_charging,battery_charging,59.5483859
2025,16,battery_charging,battery_charging,59.84196583333333
2025,17,battery_charging,battery_charging,5.8096775
2025,18,battery_charging,battery_charging,0.7671294666666667
2025,19,battery_charging,battery_charging,5.364647766666667
2025,20,battery_charging,battery_charging,4.9732389333333336
2025,21,battery_charging,battery_charging,11.816199733333333
2025,22,battery_charging,battery_charging,16.820377233333332
2025,23,battery_charging,battery_charging,16.420552266666668
2026,0,battery_charging,battery_charging,30.463290533333335
2026,1,battery_charging,battery_charging,46.883489366666666
2026,2,battery_charging,battery_charging,48.0881648
2026,3,battery_charging,battery_charging,52.1901928
2026,4,battery_charging,battery_charging,33.234905
2026,5,battery_charging,battery_charging,13.695835533333334
2026,6,battery_charging,battery_charging,17.278474366666668
2026,7,battery_charging,battery_charging,128.26660163333332
2026,8,battery_charging,battery_charging,420.8337822666667
2026,9,battery_charging,battery_charging,648.6923544666666
2026,10,battery_charging,battery_charging,763.6020783333333
2026,11,battery_charging,battery_charging,669.8504083333333
2026,12,battery_charging,battery_charging,544.7886691333333
2026,13,battery_charging,battery_charging,385.1441278333333
2026,14,battery_charging,battery_charging,221.54617056666666
2026,15,battery_charging,battery_charging,80.22577716666666
2026,16,battery_charging,battery_charging,15.2903758
2026,17,battery_charging,battery_charging,2.4061273
2026,18,battery_charging,battery_charging,2.4452631333333334
2026,19,battery_charging,battery_charging,6.3759486333333335
2026,20,battery_charging,battery_charging,9.308461166666666
2026,21,battery_charging,battery_charging,11.0660363
2026,22,battery_charging,battery_charging,26.329133366666667
2026,23,battery_charging,battery_charging,26.169021100000002
2024,0,battery_discharging,battery_discharging,1.9661855666666668
2024,1,battery_discharging,battery_discharging,1.1634544333333332
2024,2,battery_discharging,battery_discharging,0.5561486333333333
2024,3,battery_discharging,battery_discharging,0.6735049666666666
2024,4,battery_discharging,battery_discharging,1.9100119666666666
2024,5,battery_discharging,battery_discharging,3.258727266666667
2024,6,battery_discharging,battery_discharging,22.232046866666668
2024,7,battery_discharging,battery_discharging,27.52371303333333
2024,8,battery_discharging,battery_discharging,4.172935233333333
2024,9,battery_discharging,battery_discharging,1.6537375333333333
2024,10,battery_discharging,battery_discharging,0.8146028333333334
2024,11,battery_discharging,battery_discharging,1.8362222333333333
2024,12,battery_discharging,battery_discharging,0.7498900666666667
2024,13,battery_discharging,battery_discharging,0.24466916666666666
2024,14,battery_discharging,battery_discharging,0.6055243666666666
2024,15,battery_discharging,battery_discharging,1.4483743666666666
2024,16,battery_discharging,battery_discharging,6.137502266666667
2024,17,battery_discharging,battery_discharging,51.12817446666667
2024,18,battery_discharging,battery_discharging,111.86240423333334
2024,19,battery_discharging,battery_discharging,59.03604146666667
2024,20,battery_discharging,battery_discharging,21.934224433333334
2024,21,battery_discharging,battery_discharging,6.928565233333333
2024,22,battery_discharging,battery_discharging,5.156276133333333
2024,23,battery_discharging,battery_discharging,2.185932633333333
2025,0,battery_discharging,battery_discharging,12.681176599999999
2025,1,battery_discharging,battery_discharging,7.196545
2025,2,battery_discharging,battery_discharging,6.963255566666666
2025,3,battery_discharging,battery_discharging,8.866621966666667
2025,4,battery_discharging,battery_discharging,10.081343333333333
2025,5,battery_discharging,battery_discharging,26.022536133333332
2025,6,battery_discharging,battery_discharging,91.25381223333333
2025,7,battery_discharging,battery_discharging,60.527317700000005
2025,8,battery_discharging,battery_discharging,18.690051533333335
2025,9,battery_discharging,battery_discharging,12.134073066666668
2025,10,battery_discharging,battery_discharging,8.850498533333333
2025,11,battery_discharging,battery_discharging,8.407559766666667
2025,12,battery_discharging,battery_discharging,10.392613366666668
2025,13,battery_discharging,battery_discharging,16.664472233333335
2025,14,battery_discharging,battery_discharging,22.659844733333333
2025,15,battery_discharging,battery_discharging,40.849198
2025,16,battery_discharging,battery_discharging,31.53467423333333
2025,17,battery_discharging,battery_discharging,207.6452961
2025,18,battery_discharging,battery_discharging,271.6891714
2025,19,battery_discharging,battery_discharging,94.79943413333334
2025,20,battery_discharging,battery_discharging,47.22711196666667
2025,21,battery_discharging,battery_discharging,20.049422566666667
2025,22,battery_discharging,battery_discharging,31.433336066666666
2025,23,battery_discharging,battery_discharging,23.397119433333334
2026,0,battery_discharging,battery_discharging,19.729229999999998
2026,1,battery_discharging,battery_discharging,8.760300599999999
2026,2,battery_discharging,battery_discharging,8.6434305
2026,3,battery_discharging,battery_discharging,8.259301133333333
2026,4,battery_discharging,battery_discharging,13.412738899999999
2026,5,battery_discharging,battery_discharging,54.083905566666665
2026,6,battery_discharging,battery_discharging,212.8813417
2026,7,battery_discharging,battery_discharging,30.809440266666666
2026,8,battery_discharging,battery_discharging,6.2257834333333335
2026,9,battery_discharging,battery_discharging,6.6128423
2026,10,battery_discharging,battery_discharging,7.873950033333333
2026,11,battery_discharging,battery_discharging,8.007096066666666
2026,12,battery_discharging,battery_discharging,11.434990066666668
2026,13,battery_discharging,battery_discharging,8.539173366666667
2026,14,battery_discharging,battery_discharging,12.411915800000001
2026,15,battery_discharging,battery_discharging,36.28558606666666
2026,16,battery_discharging,battery_discharging,250.8489614
2026,17,battery_discharging,battery_discharging,943.9560239
2026,18,battery_discharging,battery_discharging,933.9772594666666
2026,19,battery_discharging,battery_discharging,432.81862823333336
2026,20,battery_discharging,battery_discharging,224.3528147
2026,21,battery_discharging,battery_discharging,148.09954116666668
2026,22,battery_discharging,battery_discharging,88.10616723333332
2026,23,battery_discharging,battery_discharging,38.743190033333335
2024,0,bioenergy_biomass,bioenergy_biomass,26.104336166666666
2024,1,bioenergy_biomass,bioenergy_biomass,25.522752733333334
2024,2,bioenergy_biomass,bioenergy_biomass,26.003466666666665
2024,3,bioenergy_biomass,bioenergy_biomass,26.325680499999997
2024,4,bioenergy_biomass,bioenergy_biomass,26.999847233333334
2024,5,bioenergy_biomass,bioenergy_biomass,26.8218695
2024,6,bioenergy_biomass,bioenergy_biomass,27.1122944
2024,7,bioenergy_biomass,bioenergy_biomass,27.0813722
2024,8,bioenergy_biomass,bioenergy_biomass,26.351594566666666
2024,9,bioenergy_biomass,bioenergy_biomass,24.4004917
2024,10,bioenergy_biomass,bioenergy_biomass,24.021355500000002
2024,11,bioenergy_biomass,bioenergy_biomass,22.985444466666667
2024,12,bioenergy_biomass,bioenergy_biomass,22.958872266666667
2024,13,bioenergy_biomass,bioenergy_biomass,22.649111166666668
2024,14,bioenergy_biomass,bioenergy_biomass,22.463144433333333
2024,15,bioenergy_biomass,bioenergy_biomass,22.965436
2024,16,bioenergy_biomass,bioenergy_biomass,23.5064945
2024,17,bioenergy_biomass,bioenergy_biomass,23.978105533333334
2024,18,bioenergy_biomass,bioenergy_biomass,25.5202305
2024,19,bioenergy_biomass,bioenergy_biomass,26.037166733333333
2024,20,bioenergy_biomass,bioenergy_biomass,26.925566633333336
2024,21,bioenergy_biomass,bioenergy_biomass,27.511150066666666
2024,22,bioenergy_biomass,bioenergy_biomass,27.176419433333333
2024,23,bioenergy_biomass,bioenergy_biomass,26.3675167
2025,0,bioenergy_biomass,bioenergy_biomass,-0.7330555666666666
2025,1,bioenergy_biomass,bioenergy_biomass,-0.7227778
2025,2,bioenergy_biomass,bioenergy_biomass,-0.7149999666666667
2025,3,bioenergy_biomass,bioenergy_biomass,-0.7097222
2025,4,bioenergy_biomass,bioenergy_biomass,-0.7366667
2025,5,bioenergy_biomass,bioenergy_biomass,-0.8472221999999999
2025,6,bioenergy_biomass,bioenergy_biomass,-1.0077777666666667
2025,7,bioenergy_biomass,bioenergy_biomass,-1.0377777666666668
2025,8,bioenergy_biomass,bioenergy_biomass,-1.0758333333333332
2025,9,bioenergy_biomass,bioenergy_biomass,-1.0663889
2025,10,bioenergy_biomass,bioenergy_biomass,-1.0874999666666667
2025,11,bioenergy_biomass,bioenergy_biomass,-1.1080555333333335
2025,12,bioenergy_biomass,bioenergy_biomass,-1.1188888666666665
2025,13,bioenergy_biomass,bioenergy_biomass,-1.1388888333333334
2025,14,bioenergy_biomass,bioenergy_biomass,-1.1266666333333333
2025,15,bioenergy_biomass,bioenergy_biomass,-1.135
2025,16,bioenergy_biomass,bioenergy_biomass,-1.1033333333333333
2025,17,bioenergy_biomass,bioenergy_biomass,-0.9170201333333333
2025,18,bioenergy_biomass,bioenergy_biomass,-0.8058333666666667
2025,19,bioenergy_biomass,bioenergy_biomass,-0.7602777333333334
2025,20,bioenergy_biomass,bioenergy_biomass,-0.7477777666666667
2025,21,bioenergy_biomass,bioenergy_biomass,-0.7377777333333333
2025,22,bioenergy_biomass,bioenergy_biomass,-0.7313888666666667
2025,23,bioenergy_biomass,bioenergy_biomass,-0.7252777333333333
2026,0,bioenergy_biomass,bioenergy_biomass,-0.6927777666666667
2026,1,bioenergy_biomass,bioenergy_biomass,-0.6719444666666666
2026,2,bioenergy_biomass,bioenergy_biomass,-0.6594444666666667
2026,3,bioenergy_biomass,bioenergy_biomass,-0.6541667
2026,4,bioenergy_biomass,bioenergy_biomass,-0.7188888999999999
2026,5,bioenergy_biomass,bioenergy_biomass,-0.8569444666666667
2026,6,bioenergy_biomass,bioenergy_biomass,-1.0847223333333331
2026,7,bioenergy_biomass,bioenergy_biomass,-1.1884848666666668
2026,8,bioenergy_biomass,bioenergy_biomass,-1.2569444333333335
2026,9,bioenergy_biomass,bioenergy_biomass,-1.2611111000000002
2026,10,bioenergy_biomass,bioenergy_biomass,-1.276666766666667
2026,11,bioenergy_biomass,bioenergy_biomass,-1.3147222333333335
2026,12,bioenergy_biomass,bioenergy_biomass,-1.3241666666666667
2026,13,bioenergy_biomass,bioenergy_biomass,-1.3221716666666665
2026,14,bioenergy_biomass,bioenergy_biomass,-1.3038888666666668
2026,15,bioenergy_biomass,bioenergy_biomass,-1.2705556333333334
2026,16,bioenergy_biomass,bioenergy_biomass,-1.1828282333333333
2026,17,bioenergy_biomass,bioenergy_biomass,-1.0626263
2026,18,bioenergy_biomass,bioenergy_biomass,-0.8315908666666666
2026,19,bioenergy_biomass,bioenergy_biomass,-0.7830556000000001
2026,20,bioenergy_biomass,bioenergy_biomass,-0.7711110666666666
2026,21,bioenergy_biomass,bioenergy_biomass,-0.7583333333333333
2026,22,bioenergy_biomass,bioenergy_biomass,-0.7391667
2026,23,bioenergy_biomass,bioenergy_biomass,-0.7277777666666666
2024,0,coal_black,coal_black,4699.9436486
2024,1,coal_black,coal_black,4577.382784733333
2024,2,coal_black,coal_black,4528.082586466667
2024,3,coal_black,coal_black,4506.955891866667
2024,4,coal_black,coal_black,4536.878709433334
2024,5,coal_black,coal_black,4702.9858306
2024,6,coal_black,coal_black,5036.772873633334
2024,7,coal_black,coal_black,4846.855808066667
2024,8,coal_black,coal_black,4208.530634433333
2024,9,coal_black,coal_black,3878.5419732666664
2024,10,coal_black,coal_black,3731.9106346666667
2024,11,coal_black,coal_black,3695.223954466667
2024,12,coal_black,coal_black,3699.7697297333334
2024,13,coal_black,coal_black,3713.7908353333332
2024,14,coal_black,coal_black,3828.2121997333334
2024,15,coal_black,coal_black,4062.6607624666667
2024,16,coal_black,coal_black,4787.5374544666665
2024,17,coal_black,coal_black,5462.120297166666
2024,18,coal_black,coal_black,5487.5233105
2024,19,coal_black,coal_black,5412.847398333333
2024,20,coal_black,coal_black,5347.432118633334
2024,21,coal_black,coal_black,5261.3060706
2024,22,coal_black,coal_black,4994.954285566667
2024,23,coal_black,coal_black,4851.433512500001
2025,0,coal_black,coal_black,5218.259535300001
2025,1,coal_black,coal_black,5116.4130798
2025,2,coal_black,coal_black,5080.952389433334
2025,3,coal_black,coal_black,5081.110425866666
2025,4,coal_black,coal_black,5103.136046366667
2025,5,coal_black,coal_black,5232.2269391
2025,6,coal_black,coal_black,5382.0851085
2025,7,coal_black,coal_black,4863.683769733334
2025,8,coal_black,coal_black,4042.0626519666666
2025,9,coal_black,coal_black,3741.244660266667
2025,10,coal_black,coal_black,3654.0912103
2025,11,coal_black,coal_black,3665.8697300666668
2025,12,coal_black,coal_black,3653.1249429333334
2025,13,coal_black,coal_black,3746.4899561333336
2025,14,coal_black,coal_black,3938.1977190999996
2025,15,coal_black,coal_black,4258.994192166667
2025,16,coal_black,coal_black,5173.588489366666
2025,17,coal_black,coal_black,5730.6848608
2025,18,coal_black,coal_black,5742.473192
2025,19,coal_black,coal_black,5717.881732766667
2025,20,coal_black,coal_black,5678.551378033333
2025,21,coal_black,coal_black,5634.326153966667
2025,22,coal_black,coal_black,5428.4967033
2025,23,coal_black,coal_black,5312.251500166666
2026,0,coal_black,coal_black,4923.1752472
2026,1,coal_black,coal_black,4822.178181566666
2026,2,coal_black,coal_black,4758.838992499999
2026,3,coal_black,coal_black,4748.354454666667
2026,4,coal_black,coal_black,4814.592220266667
2026,5,coal_black,coal_black,4933.878024433333
2026,6,coal_black,coal_black,4977.615359666667
2026,7,coal_black,coal_black,4295.001816133333
2026,8,coal_black,coal_black,3559.630419933333
2026,9,coal_black,coal_black,3398.524224733333
2026,10,coal_black,coal_black,3345.4952547333332
2026,11,coal_black,coal_black,3317.3518553000004
2026,12,coal_black,coal_black,3322.2949107333334
2026,13,coal_black,coal_black,3329.0534011333334
2026,14,coal_black,coal_black,3433.8017556333334
2026,15,coal_black,coal_black,3745.3980647
2026,16,coal_black,coal_black,4621.4949839
2026,17,coal_black,coal_black,5306.4501147
2026,18,coal_black,coal_black,5394.023736933334
2026,19,coal_black,coal_black,5344.115693866666
2026,20,coal_black,coal_black,5309.528048333334
2026,21,coal_black,coal_black,5311.608633333333
2026,22,coal_black,coal_black,5113.548953366667
2026,23,coal_black,coal_black,5004.742476333334
2024,0,distillate,Distillate,0.0
2024,1,distillate,Distillate,0.0
2024,2,distillate,Distillate,0.0
2024,3,distillate,Distillate,0.0
2024,4,distillate,Distillate,0.0
2024,5,distillate,Distillate,0.0
2024,6,distillate,Distillate,0.0
2024,7,distillate,Distillate,0.0
2024,8,distillate,Distillate,0.0
2024,9,distillate,Distillate,0.0
2024,10,distillate,Distillate,0.0
2024,11,distillate,Distillate,0.0
2024,12,distillate,Distillate,0.0
2024,13,distillate,Distillate,0.0
2024,14,distillate,Distillate,0.0
2024,15,distillate,Distillate,0.4871069333333333
2024,16,distillate,Distillate,0.16077139999999998
2024,17,distillate,Distillate,2.3444169666666665
2024,18,distillate,Distillate,5.2777449999999995
2024,19,distillate,Distillate,1.6749996999999999
2024,20,distillate,Distillate,0.0
2024,21,distillate,Distillate,0.0
2024,22,distillate,Distillate,0.0
2024,23,distillate,Distillate,0.0
2025,0,distillate,Distillate,0.0
2025,1,distillate,Distillate,0.0
2025,2,distillate,Distillate,0.0
2025,3,distillate,Distillate,0.0
2025,4,distillate,Distillate,0.0
2025,5,distillate,Distillate,0.0
2025,6,distillate,Distillate,0.0
2025,7,distillate,Distillate,0.0
2025,8,distillate,Distillate,0.0
2025,9,distillate,Distillate,0.0
2025,10,distillate,Distillate,0.0
2025,11,distillate,Distillate,0.0
2025,12,distillate,Distillate,0.0
2025,13,distillate,Distillate,0.0
2025,14,distillate,Distillate,0.0
2025,15,distillate,Distillate,0.0
2025,16,distillate,Distillate,0.0
2025,17,distillate,Distillate,0.0
2025,18,distillate,Distillate,0.0
2025,19,distillate,Distillate,0.0
2025,20,distillate,Distillate,0.0
2025,21,distillate,Distillate,0.0
2025,22,distillate,Distillate,0.0
2025,23,distillate,Distillate,0.0
2026,0,distillate,Distillate,0.0
2026,1,distillate,Distillate,0.0
2026,2,distillate,Distillate,0.0
2026,3,distillate,Distillate,0.0
2026,4,distillate,Distillate,0.0
2026,5,distillate,Distillate,0.0
2026,6,distillate,Distillate,0.0
2026,7,distillate,Distillate,0.0
2026,8,distillate,Distillate,0.0
2026,9,distillate,Distillate,0.0
2026,10,distillate,Distillate,0.0
2026,11,distillate,Distillate,0.0
2026,12,distillate,Distillate,0.0
2026,13,distillate,Distillate,0.0
2026,14,distillate,Distillate,0.0
2026,15,distillate,Distillate,0.0
2026,16,distillate,Distillate,0.0
2026,17,distillate,Distillate,0.0
2026,18,distillate,Distillate,0.0
2026,19,distillate,Distillate,0.0
2026,20,distillate,Distillate,0.0
2026,21,distillate,Distillate,0.0
2026,22,distillate,Distillate,0.0
2026,23,distillate,Distillate,0.0
2024,0,gas_ccgt,gas_ccgt,475.52083393333334
2024,1,gas_ccgt,gas_ccgt,411.3721161666666
2024,2,gas_ccgt,gas_ccgt,368.0750231
2024,3,gas_ccgt,gas_ccgt,358.93470673333337
2024,4,gas_ccgt,gas_ccgt,378.67739559999995
2024,5,gas_ccgt,gas_ccgt,438.4805922
2024,6,gas_ccgt,gas_ccgt,485.98743469999994
2024,7,gas_ccgt,gas_ccgt,474.9176403
2024,8,gas_ccgt,gas_ccgt,317.16580193333334
2024,9,gas_ccgt,gas_ccgt,142.0101876
2024,10,gas_ccgt,gas_ccgt,115.59423363333333
2024,11,gas_ccgt,gas_ccgt,116.87444923333332
2024,12,gas_ccgt,gas_ccgt,116.54012743333334
2024,13,gas_ccgt,gas_ccgt,124.7683622
2024,14,gas_ccgt,gas_ccgt,188.45791053333332
2024,15,gas_ccgt,gas_ccgt,324.93882723333337
2024,16,gas_ccgt,gas_ccgt,514.7990685999999
2024,17,gas_ccgt,gas_ccgt,714.4035569333333
2024,18,gas_ccgt,gas_ccgt,752.3882703666666
2024,19,gas_ccgt,gas_ccgt,737.5497003333334
2024,20,gas_ccgt,gas_ccgt,686.2278697
2024,21,gas_ccgt,gas_ccgt,639.2022039
2024,22,gas_ccgt,gas_ccgt,591.4731641666666
2024,23,gas_ccgt,gas_ccgt,532.4888544666667
2025,0,gas_ccgt,gas_ccgt,159.6791072
2025,1,gas_ccgt,gas_ccgt,151.05242253333333
2025,2,gas_ccgt,gas_ccgt,149.39695533333332
2025,3,gas_ccgt,gas_ccgt,148.81451196666666
2025,4,gas_ccgt,gas_ccgt,154.82369776666667
2025,5,gas_ccgt,gas_ccgt,156.9926650333333
2025,6,gas_ccgt,gas_ccgt,154.85967193333332
2025,7,gas_ccgt,gas_ccgt,150.35162833333334
2025,8,gas_ccgt,gas_ccgt,134.58782776666666
2025,9,gas_ccgt,gas_ccgt,125.62863896666666
2025,10,gas_ccgt,gas_ccgt,123.78275333333333
2025,11,gas_ccgt,gas_ccgt,124.69254163333333
2025,12,gas_ccgt,gas_ccgt,131.74788113333335
2025,13,gas_ccgt,gas_ccgt,140.69158639999998
2025,14,gas_ccgt,gas_ccgt,203.29145273333333
2025,15,gas_ccgt,gas_ccgt,332.78195866666664
2025,16,gas_ccgt,gas_ccgt,483.8674675666667
2025,17,gas_ccgt,gas_ccgt,617.5622024
2025,18,gas_ccgt,gas_ccgt,655.0806583666667
2025,19,gas_ccgt,gas_ccgt,657.7764216333333
2025,20,gas_ccgt,gas_ccgt,637.3871257666667
2025,21,gas_ccgt,gas_ccgt,539.8133069333334
2025,22,gas_ccgt,gas_ccgt,349.2997605
2025,23,gas_ccgt,gas_ccgt,215.35769336666667
2026,0,gas_ccgt,gas_ccgt,150.32140866666666
2026,1,gas_ccgt,gas_ccgt,132.24823750000002
2026,2,gas_ccgt,gas_ccgt,130.23520133333332
2026,3,gas_ccgt,gas_ccgt,130.6899242
2026,4,gas_ccgt,gas_ccgt,131.3257889333333
2026,5,gas_ccgt,gas_ccgt,131.39894043333334
2026,6,gas_ccgt,gas_ccgt,120.0210919
2026,7,gas_ccgt,gas_ccgt,111.71755526666668
2026,8,gas_ccgt,gas_ccgt,108.28803706666666
2026,9,gas_ccgt,gas_ccgt,107.87276390000001
2026,10,gas_ccgt,gas_ccgt,107.25577726666667
2026,11,gas_ccgt,gas_ccgt,107.15291756666667
2026,12,gas_ccgt,gas_ccgt,109.02155309999999
2026,13,gas_ccgt,gas_ccgt,116.25531443333333
2026,14,gas_ccgt,gas_ccgt,139.9241438
2026,15,gas_ccgt,gas_ccgt,204.35321643333333
2026,16,gas_ccgt,gas_ccgt,303.3645703
2026,17,gas_ccgt,gas_ccgt,403.7057936
2026,18,gas_ccgt,gas_ccgt,455.8954259
2026,19,gas_ccgt,gas_ccgt,463.0424500333333
2026,20,gas_ccgt,gas_ccgt,417.08375416666667
2026,21,gas_ccgt,gas_ccgt,318.03126946666663
2026,22,gas_ccgt,gas_ccgt,244.9184051
2026,23,gas_ccgt,gas_ccgt,191.5475084
2024,0,gas_ocgt,gas_ocgt,87.49270466666667
2024,1,gas_ocgt,gas_ocgt,66.77620333333333
2024,2,gas_ocgt,gas_ocgt,63.20896916666666
2024,3,gas_ocgt,gas_ocgt,61.88962863333334
2024,4,gas_ocgt,gas_ocgt,65.1973172
2024,5,gas_ocgt,gas_ocgt,77.21071716666667
2024,6,gas_ocgt,gas_ocgt,174.19994666666668
2024,7,gas_ocgt,gas_ocgt,183.2643061
2024,8,gas_ocgt,gas_ocgt,62.485639666666664
2024,9,gas_ocgt,gas_ocgt,25.284368066666666
2024,10,gas_ocgt,gas_ocgt,18.037372466666667
2024,11,gas_ocgt,gas_ocgt,17.911396933333332
2024,12,gas_ocgt,gas_ocgt,14.1694461
2024,13,gas_ocgt,gas_ocgt,11.517245
2024,14,gas_ocgt,gas_ocgt,16.805191366666666
2024,15,gas_ocgt,gas_ocgt,34.268816666666666
2024,16,gas_ocgt,gas_ocgt,164.31896286666668
2024,17,gas_ocgt,gas_ocgt,496.60792273333334
2024,18,gas_ocgt,gas_ocgt,579.0417194333334
2024,19,gas_ocgt,gas_ocgt,542.4387525
2024,20,gas_ocgt,gas_ocgt,459.0640383333333
2024,21,gas_ocgt,gas_ocgt,325.6518097
2024,22,gas_ocgt,gas_ocgt,197.34510333333336
2024,23,gas_ocgt,gas_ocgt,117.3061931
2025,0,gas_ocgt,gas_ocgt,6.0553677666666665
2025,1,gas_ocgt,gas_ocgt,1.9300783333333333
2025,2,gas_ocgt,gas_ocgt,0.26753333333333335
2025,3,gas_ocgt,gas_ocgt,0.26753333333333335
2025,4,gas_ocgt,gas_ocgt,0.26753333333333335
2025,5,gas_ocgt,gas_ocgt,0.26753333333333335
2025,6,gas_ocgt,gas_ocgt,0.26753333333333335
2025,7,gas_ocgt,gas_ocgt,0.26753333333333335
2025,8,gas_ocgt,gas_ocgt,0.26753333333333335
2025,9,gas_ocgt,gas_ocgt,0.26753333333333335
2025,10,gas_ocgt,gas_ocgt,0.2931747333333333
2025,11,gas_ocgt,gas_ocgt,0.6789222333333333
2025,12,gas_ocgt,gas_ocgt,1.2711533333333334
2025,13,gas_ocgt,gas_ocgt,1.1674608333333332
2025,14,gas_ocgt,gas_ocgt,0.8466055666666666
2025,15,gas_ocgt,gas_ocgt,3.7356247333333332
2025,16,gas_ocgt,gas_ocgt,59.633829399999996
2025,17,gas_ocgt,gas_ocgt,359.3712319333333
2025,18,gas_ocgt,gas_ocgt,428.03525526666664
2025,19,gas_ocgt,gas_ocgt,335.04821216666664
2025,20,gas_ocgt,gas_ocgt,187.56315
2025,21,gas_ocgt,gas_ocgt,65.61936583333333
2025,22,gas_ocgt,gas_ocgt,15.3403061
2025,23,gas_ocgt,gas_ocgt,7.758605
2026,0,gas_ocgt,gas_ocgt,0.08725333333333334
2026,1,gas_ocgt,gas_ocgt,0.08725333333333334
2026,2,gas_ocgt,gas_ocgt,0.08725333333333334
2026,3,gas_ocgt,gas_ocgt,0.08725333333333334
2026,4,gas_ocgt,gas_ocgt,0.08725333333333334
2026,5,gas_ocgt,gas_ocgt,0.08725333333333334
2026,6,gas_ocgt,gas_ocgt,0.08725333333333334
2026,7,gas_ocgt,gas_ocgt,0.08725333333333334
2026,8,gas_ocgt,gas_ocgt,0.08725333333333334
2026,9,gas_ocgt,gas_ocgt,0.08725333333333334
2026,10,gas_ocgt,gas_ocgt,0.08725333333333334
2026,11,gas_ocgt,gas_ocgt,0.08725333333333334
2026,12,gas_ocgt,gas_ocgt,0.08725333333333334
2026,13,gas_ocgt,gas_ocgt,0.08708556666666666
2026,14,gas_ocgt,gas_ocgt,0.08725333333333334
2026,15,gas_ocgt,gas_ocgt,0.08725333333333334
2026,16,gas_ocgt,gas_ocgt,5.3603214
2026,17,gas_ocgt,gas_ocgt,14.640549733333334
2026,18,gas_ocgt,gas_ocgt,16.2619236
2026,19,gas_ocgt,gas_ocgt,14.965126933333332
2026,20,gas_ocgt,gas_ocgt,2.408820833333333
2026,21,gas_ocgt,gas_ocgt,0.08389666666666667
2026,22,gas_ocgt,gas_ocgt,0.08389666666666667
2026,23,gas_ocgt,gas_ocgt,0.08389666666666667
2024,0,gas_wcmg,gas_wcmg,53.2188736
2024,1,gas_wcmg,gas_wcmg,52.90959816666667
2024,2,gas_wcmg,gas_wcmg,52.89725503333333
2024,3,gas_wcmg,gas_wcmg,53.481176600000005
2024,4,gas_wcmg,gas_wcmg,53.34398506666666
2024,5,gas_wcmg,gas_wcmg,53.22302026666667
2024,6,gas_wcmg,gas_wcmg,52.938259466666665
2024,7,gas_wcmg,gas_wcmg,50.43662776666667
2024,8,gas_wcmg,gas_wcmg,50.292798866666665
2024,9,gas_wcmg,gas_wcmg,50.68411966666667
2024,10,gas_wcmg,gas_wcmg,50.767481133333334
2024,11,gas_wcmg,gas_wcmg,50.8595458
2024,12,gas_wcmg,gas_wcmg,50.30934883333334
2024,13,gas_wcmg,gas_wcmg,50.50605346666667
2024,14,gas_wcmg,gas_wcmg,50.85257973333333
2024,15,gas_wcmg,gas_wcmg,49.52991863333333
2024,16,gas_wcmg,gas_wcmg,50.060974699999996
2024,17,gas_wcmg,gas_wcmg,50.77103136666666
2024,18,gas_wcmg,gas_wcmg,51.59335913333334
2024,19,gas_wcmg,gas_wcmg,51.53544446666667
2024,20,gas_wcmg,gas_wcmg,51.67412446666666
2024,21,gas_wcmg,gas_wcmg,52.21483856666667
2024,22,gas_wcmg,gas_wcmg,52.8490564
2024,23,gas_wcmg,gas_wcmg,53.067747833333335
2025,0,gas_wcmg,gas_wcmg,42.119361166666664
2025,1,gas_wcmg,gas_wcmg,42.02094163333334
2025,2,gas_wcmg,gas_wcmg,42.2535666
2025,3,gas_wcmg,gas_wcmg,42.341030700000005
2025,4,gas_wcmg,gas_wcmg,42.1645694
2025,5,gas_wcmg,gas_wcmg,41.653994499999996
2025,6,gas_wcmg,gas_wcmg,41.27017776666666
2025,7,gas_wcmg,gas_wcmg,41.28669716666666
2025,8,gas_wcmg,gas_wcmg,41.04577783333333
2025,9,gas_wcmg,gas_wcmg,41.5220111
2025,10,gas_wcmg,gas_wcmg,41.20993333333333
2025,11,gas_wcmg,gas_wcmg,41.6315806
2025,12,gas_wcmg,gas_wcmg,41.81811943333333
2025,13,gas_wcmg,gas_wcmg,42.26760283333333
2025,14,gas_wcmg,gas_wcmg,42.037941599999996
2025,15,gas_wcmg,gas_wcmg,42.504447166666665
2025,16,gas_wcmg,gas_wcmg,42.526316666666666
2025,17,gas_wcmg,gas_wcmg,42.40577783333333
2025,18,gas_wcmg,gas_wcmg,43.013911033333336
2025,19,gas_wcmg,gas_wcmg,42.504552833333335
2025,20,gas_wcmg,gas_wcmg,41.3179222
2025,21,gas_wcmg,gas_wcmg,41.5303611
2025,22,gas_wcmg,gas_wcmg,41.080480666666666
2025,23,gas_wcmg,gas_wcmg,40.87763053333333
2026,0,gas_wcmg,gas_wcmg,34.86537783333333
2026,1,gas_wcmg,gas_wcmg,35.766597266666665
2026,2,gas_wcmg,gas_wcmg,35.734761133333336
2026,3,gas_wcmg,gas_wcmg,35.3868333
2026,4,gas_wcmg,gas_wcmg,35.6272166
2026,5,gas_wcmg,gas_wcmg,35.065469433333334
2026,6,gas_wcmg,gas_wcmg,34.6192833
2026,7,gas_wcmg,gas_wcmg,33.62718333333333
2026,8,gas_wcmg,gas_wcmg,32.8708473
2026,9,gas_wcmg,gas_wcmg,32.500619433333334
2026,10,gas_wcmg,gas_wcmg,32.80647773333333
2026,11,gas_wcmg,gas_wcmg,33.24163326666667
2026,12,gas_wcmg,gas_wcmg,33.204775
2026,13,gas_wcmg,gas_wcmg,33.03354486666667
2026,14,gas_wcmg,gas_wcmg,33.22955283333333
2026,15,gas_wcmg,gas_wcmg,33.9571222
2026,16,gas_wcmg,gas_wcmg,34.49301106666667
2026,17,gas_wcmg,gas_wcmg,35.8009833
2026,18,gas_wcmg,gas_wcmg,35.787352866666666
2026,19,gas_wcmg,gas_wcmg,35.752061133333335
2026,20,gas_wcmg,gas_wcmg,34.79338886666667
2026,21,gas_wcmg,gas_wcmg,35.2040194
2026,22,gas_wcmg,gas_wcmg,34.830319466666666
2026,23,gas_wcmg,gas_wcmg,35.190933333333334
2024,0,hydro,Hydro,91.1752014
2024,1,hydro,Hydro,67.21667356666667
2024,2,hydro,Hydro,62.91495136666666
2024,3,hydro,Hydro,62.5672014
2024,4,hydro,Hydro,62.40688896666666
2024,5,hydro,Hydro,106.7474931
2024,6,hydro,Hydro,212.24858333333333
2024,7,hydro,Hydro,208.6184097
2024,8,hydro,Hydro,70.2049791
2024,9,hydro,Hydro,57.21570833333333
2024,10,hydro,Hydro,56.267486166666664
2024,11,hydro,Hydro,56.42602776666667
2024,12,hydro,Hydro,56.6161112
2024,13,hydro,Hydro,58.22898606666667
2024,14,hydro,Hydro,63.18815283333333
2024,15,hydro,Hydro,84.1965972
2024,16,hydro,Hydro,115.1718056
2024,17,hydro,Hydro,458.5834514
2024,18,hydro,Hydro,582.6024514333333
2024,19,hydro,Hydro,507.9489930333333
2024,20,hydro,Hydro,416.26954170000005
2024,21,hydro,Hydro,307.4829861
2024,22,hydro,Hydro,222.38198623333335
2024,23,hydro,Hydro,139.32951393333332
2025,0,hydro,Hydro,97.0442708
2025,1,hydro,Hydro,85.33641666666668
2025,2,hydro,Hydro,85.35392353333333
2025,3,hydro,Hydro,84.88150003333334
2025,4,hydro,Hydro,83.12579173333333
2025,5,hydro,Hydro,96.59063886666667
2025,6,hydro,Hydro,167.76644443333333
2025,7,hydro,Hydro,106.32858336666666
2025,8,hydro,Hydro,75.44822913333334
2025,9,hydro,Hydro,56.87045833333333
2025,10,hydro,Hydro,42.09572226666667
2025,11,hydro,Hydro,42.550930533333336
2025,12,hydro,Hydro,44.419624999999996
2025,13,hydro,Hydro,54.51050696666667
2025,14,hydro,Hydro,73.90519443333332
2025,15,hydro,Hydro,79.35261803333333
2025,16,hydro,Hydro,153.18584719999998
2025,17,hydro,Hydro,502.72873613333337
2025,18,hydro,Hydro,526.0005347666666
2025,19,hydro,Hydro,450.481125
2025,20,hydro,Hydro,375.7310485666667
2025,21,hydro,Hydro,285.2683889333333
2025,22,hydro,Hydro,198.66034720000002
2025,23,hydro,Hydro,147.92068746666666
2026,0,hydro,Hydro,181.510625
2026,1,hydro,Hydro,169.41421523333332
2026,2,hydro,Hydro,159.39838886666666
2026,3,hydro,Hydro,158.5466736
2026,4,hydro,Hydro,161.46833336666666
2026,5,hydro,Hydro,175.8476042
2026,6,hydro,Hydro,203.39234026666665
2026,7,hydro,Hydro,160.39762506666665
2026,8,hydro,Hydro,137.52500693333334
2026,9,hydro,Hydro,127.75609726666667
2026,10,hydro,Hydro,121.44966666666666
2026,11,hydro,Hydro,123.13483326666666
2026,12,hydro,Hydro,120.10709026666667
2026,13,hydro,Hydro,124.91713883333334
2026,14,hydro,Hydro,133.33941670000002
2026,15,hydro,Hydro,142.37111113333333
2026,16,hydro,Hydro,245.63397216666667
2026,17,hydro,Hydro,528.9324096666667
2026,18,hydro,Hydro,576.0271667
2026,19,hydro,Hydro,549.6296805666666
2026,20,hydro,Hydro,489.63990276666664
2026,21,hydro,Hydro,417.72515273333335
2026,22,hydro,Hydro,299.76268749999997
2026,23,hydro,Hydro,232.19231943333335
2024,0,pumps,pumps,2.037333333333333
2024,1,pumps,pumps,17.657916633333333
2024,2,pumps,pumps,32.54866666666667
2024,3,pumps,pumps,35.932833366666664
2024,4,pumps,pumps,32.508555566666665
2024,5,pumps,pumps,5.414916666666667
2024,6,pumps,pumps,0.0
2024,7,pumps,pumps,2.0368055666666667
2024,8,pumps,pumps,132.92350003333334
2024,9,pumps,pumps,376.7261388
2024,10,pumps,pumps,427.2269722666667
2024,11,pumps,pumps,432.7256111
2024,12,pumps,pumps,452.2164444333333
2024,13,pumps,pumps,458.54363889999996
2024,14,pumps,pumps,437.0403888
2024,15,pumps,pumps,295.0571111333333
2024,16,pumps,pumps,54.50524996666666
2024,17,pumps,pumps,0.0
2024,18,pumps,pumps,0.0
2024,19,pumps,pumps,0.0
2024,20,pumps,pumps,0.0
2024,21,pumps,pumps,0.0
2024,22,pumps,pumps,0.0
2024,23,pumps,pumps,0.0
2025,0,pumps,pumps,0.0
2025,1,pumps,pumps,0.0
2025,2,pumps,pumps,0.0
2025,3,pumps,pumps,0.0
2025,4,pumps,pumps,0.0
2025,5,pumps,pumps,0.0
2025,6,pumps,pumps,0.0
2025,7,pumps,pumps,29.362444433333334
2025,8,pumps,pumps,274.27900000000005
2025,9,pumps,pumps,428.76177773333336
2025,10,pumps,pumps,439.8642778
2025,11,pumps,pumps,439.13652773333337
2025,12,pumps,pumps,431.42738893333336
2025,13,pumps,pumps,434.17033333333336
2025,14,pumps,pumps,352.7527222333334
2025,15,pumps,pumps,189.60472216666668
2025,16,pumps,pumps,27.539499999999997
2025,17,pumps,pumps,0.0
2025,18,pumps,pumps,0.0
2025,19,pumps,pumps,0.0
2025,20,pumps,pumps,0.0
2025,21,pumps,pumps,0.0
2025,22,pumps,pumps,0.0
2025,23,pumps,pumps,0.0
2026,0,pumps,pumps,0.0
2026,1,pumps,pumps,0.0
2026,2,pumps,pumps,0.0
2026,3,pumps,pumps,0.0
2026,4,pumps,pumps,0.0
2026,5,pumps,pumps,0.0
2026,6,pumps,pumps,0.0
2026,7,pumps,pumps,41.47680556666667
2026,8,pumps,pumps,355.07849999999996
2026,9,pumps,pumps,489.53197216666666
2026,10,pumps,pumps,489.0788333666667
2026,11,pumps,pumps,485.43858336666665
2026,12,pumps,pumps,470.83052776666665
2026,13,pumps,pumps,458.83858330000004
2026,14,pumps,pumps,369.7453610333333
2026,15,pumps,pumps,220.3100278
2026,16,pumps,pumps,12.766250000000001
2026,17,pumps,pumps,0.0
2026,18,pumps,pumps,0.0
2026,19,pumps,pumps,0.0
2026,20,pumps,pumps,0.0
2026,21,pumps,pumps,0.0
2026,22,pumps,pumps,0.0
2026,23,pumps,pumps,0.0
2024,0,solar_rooftop,solar_rooftop,0.0
2024,1,solar_rooftop,solar_rooftop,0.0
2024,2,solar_rooftop,solar_rooftop,0.0
2024,3,solar_rooftop,solar_rooftop,0.0
2024,4,solar_rooftop,solar_rooftop,0.0
2024,5,solar_rooftop,solar_rooftop,0.0
2024,6,solar_rooftop,solar_rooftop,3.1537
2024,7,solar_rooftop,solar_rooftop,279.8308666666666
2024,8,solar_rooftop,solar_rooftop,1131.0201000000002
2024,9,solar_rooftop,solar_rooftop,2039.3327166666668
2024,10,solar_rooftop,solar_rooftop,2668.6218833333332
2024,11,solar_rooftop,solar_rooftop,3049.8544666666667
2024,12,solar_rooftop,solar_rooftop,3104.2492333333334
2024,13,solar_rooftop,solar_rooftop,2947.0111
2024,14,solar_rooftop,solar_rooftop,2559.428283333333
2024,15,solar_rooftop,solar_rooftop,1891.2519
2024,16,solar_rooftop,solar_rooftop,1010.1507333333334
2024,17,solar_rooftop,solar_rooftop,223.41931666666667
2024,18,solar_rooftop,solar_rooftop,4.0377
2024,19,solar_rooftop,solar_rooftop,0.0
2024,20,solar_rooftop,solar_rooftop,0.0
2024,21,solar_rooftop,solar_rooftop,0.0
2024,22,solar_rooftop,solar_rooftop,0.0
2024,23,solar_rooftop,solar_rooftop,0.0
2025,0,solar_rooftop,solar_rooftop,0.0
2025,1,solar_rooftop,solar_rooftop,0.0
2025,2,solar_rooftop,solar_rooftop,0.0
2025,3,solar_rooftop,solar_rooftop,0.0
2025,4,solar_rooftop,solar_rooftop,0.0
2025,5,solar_rooftop,solar_rooftop,0.0
2025,6,solar_rooftop,solar_rooftop,14.577266666666667
2025,7,solar_rooftop,solar_rooftop,451.8980333333333
2025,8,solar_rooftop,solar_rooftop,1418.8939333333333
2025,9,solar_rooftop,solar_rooftop,2422.06565
2025,10,solar_rooftop,solar_rooftop,3005.5647166666668
2025,11,solar_rooftop,solar_rooftop,3258.83425
2025,12,solar_rooftop,solar_rooftop,3269.9851
2025,13,solar_rooftop,solar_rooftop,3027.7101333333335
2025,14,solar_rooftop,solar_rooftop,2568.408433333333
2025,15,solar_rooftop,solar_rooftop,1891.28515
2025,16,solar_rooftop,solar_rooftop,1010.2555333333333
2025,17,solar_rooftop,solar_rooftop,251.03286666666665
2025,18,solar_rooftop,solar_rooftop,6.40235
2025,19,solar_rooftop,solar_rooftop,0.0
2025,20,solar_rooftop,solar_rooftop,0.0
2025,21,solar_rooftop,solar_rooftop,0.0
2025,22,solar_rooftop,solar_rooftop,0.0
2025,23,solar_rooftop,solar_rooftop,0.0
2026,0,solar_rooftop,solar_rooftop,0.0
2026,1,solar_rooftop,solar_rooftop,0.0
2026,2,solar_rooftop,solar_rooftop,0.0
2026,3,solar_rooftop,solar_rooftop,0.0
2026,4,solar_rooftop,solar_rooftop,0.0
2026,5,solar_rooftop,solar_rooftop,0.0
2026,6,solar_rooftop,solar_rooftop,16.047255533333335
2026,7,solar_rooftop,solar_rooftop,525.06375
2026,8,solar_rooftop,solar_rooftop,1584.1532944
2026,9,solar_rooftop,solar_rooftop,2695.2139666666667
2026,10,solar_rooftop,solar_rooftop,3336.0582499666666
2026,11,solar_rooftop,solar_rooftop,3614.6554333333333
2026,12,solar_rooftop,solar_rooftop,3701.5417888666666
2026,13,solar_rooftop,solar_rooftop,3501.6529833333334
2026,14,solar_rooftop,solar_rooftop,3103.6607555
2026,15,solar_rooftop,solar_rooftop,2278.5085000000004
2026,16,solar_rooftop,solar_rooftop,1311.4341444666668
2026,17,solar_rooftop,solar_rooftop,312.40206666666666
2026,18,solar_rooftop,solar_rooftop,10.355538833333334
2026,19,solar_rooftop,solar_rooftop,0.0
2026,20,solar_rooftop,solar_rooftop,0.0
2026,21,solar_rooftop,solar_rooftop,0.0
2026,22,solar_rooftop,solar_rooftop,0.0
2026,23,solar_rooftop,solar_rooftop,0.0
2024,0,solar_utility,solar_utility,0.08014579999999999
2024,1,solar_utility,solar_utility,0.09846806666666666
2024,2,solar_utility,solar_utility,0.09923333333333333
2024,3,solar_utility,solar_utility,0.09993
2024,4,solar_utility,solar_utility,0.10467889999999999
2024,5,solar_utility,solar_utility,0.09943386666666668
2024,6,solar_utility,solar_utility,19.783588033333334
2024,7,solar_utility,solar_utility,688.1502475
2024,8,solar_utility,solar_utility,1529.8370605333332
2024,9,solar_utility,solar_utility,1683.8124691333333
2024,10,solar_utility,solar_utility,1676.9071999666667
2024,11,solar_utility,solar_utility,1647.9393919
2024,12,solar_utility,solar_utility,1585.7931750333335
2024,13,solar_utility,solar_utility,1539.2138507666668
2024,14,solar_utility,solar_utility,1623.2821180333333
2024,15,solar_utility,solar_utility,1650.2129811000002
2024,16,solar_utility,solar_utility,1194.6498577999998
2024,17,solar_utility,solar_utility,223.02049446666666
2024,18,solar_utility,solar_utility,0.5607897666666666
2024,19,solar_utility,solar_utility,0.0899314
2024,20,solar_utility,solar_utility,0.05483333333333333
2024,21,solar_utility,solar_utility,0.04420386666666667
2024,22,solar_utility,solar_utility,0.0342411
2024,23,solar_utility,solar_utility,0.05152503333333333
2025,0,solar_utility,solar_utility,0.2510386333333333
2025,1,solar_utility,solar_utility,0.24819889999999997
2025,2,solar_utility,solar_utility,0.23445003333333334
2025,3,solar_utility,solar_utility,0.22562386666666667
2025,4,solar_utility,solar_utility,0.22227249999999998
2025,5,solar_utility,solar_utility,0.25073
2025,6,solar_utility,solar_utility,56.79207136666666
2025,7,solar_utility,solar_utility,994.5674660999999
2025,8,solar_utility,solar_utility,1875.7849833666667
2025,9,solar_utility,solar_utility,2032.3036758666667
2025,10,solar_utility,solar_utility,1968.7379341666667
2025,11,solar_utility,solar_utility,1908.0824033333333
2025,12,solar_utility,solar_utility,1910.2927622
2025,13,solar_utility,solar_utility,1947.1480303666665
2025,14,solar_utility,solar_utility,1936.1266767000002
2025,15,solar_utility,solar_utility,1814.701653866667
2025,16,solar_utility,solar_utility,1219.8395722
2025,17,solar_utility,solar_utility,227.75962753333334
2025,18,solar_utility,solar_utility,0.9103394
2025,19,solar_utility,solar_utility,0.39914133333333335
2025,20,solar_utility,solar_utility,0.3281758
2025,21,solar_utility,solar_utility,0.2650294
2025,22,solar_utility,solar_utility,0.25435003333333334
2025,23,solar_utility,solar_utility,0.24702443333333332
2026,0,solar_utility,solar_utility,2.7026313666666666
2026,1,solar_utility,solar_utility,2.6114211333333333
2026,2,solar_utility,solar_utility,2.578741133333333
2026,3,solar_utility,solar_utility,2.687185
2026,4,solar_utility,solar_utility,2.668031666666667
2026,5,solar_utility,solar_utility,2.7017139
2026,6,solar_utility,solar_utility,90.80530473333333
2026,7,solar_utility,solar_utility,1373.612391
2026,8,solar_utility,solar_utility,2485.0095394666664
2026,9,solar_utility,solar_utility,2604.799936433333
2026,10,solar_utility,solar_utility,2496.1262149333334
2026,11,solar_utility,solar_utility,2435.678535066667
2026,12,solar_utility,solar_utility,2387.9929625333334
2026,13,solar_utility,solar_utility,2348.3247074333335
2026,14,solar_utility,solar_utility,2312.0926622333336
2026,15,solar_utility,solar_utility,2245.2021526000003
2026,16,solar_utility,solar_utility,1468.5795852333333
2026,17,solar_utility,solar_utility,282.07081339999996
2026,18,solar_utility,solar_utility,6.8789471
2026,19,solar_utility,solar_utility,7.1912213666666664
2026,20,solar_utility,solar_utility,7.160058033333333
2026,21,solar_utility,solar_utility,7.1248352666666666
2026,22,solar_utility,solar_utility,7.2309444
2026,23,solar_utility,solar_utility,4.898030066666666
2024,0,wind,Wind,457.5916471666667
2024,1,wind,Wind,461.35832496666666
2024,2,wind,Wind,444.3675462
2024,3,wind,Wind,427.67468590000004
2024,4,wind,Wind,420.6625246666666
2024,5,wind,Wind,415.65875416666665
2024,6,wind,Wind,407.56848759999997
2024,7,wind,Wind,392.9920845
2024,8,wind,Wind,335.73970353333334
2024,9,wind,Wind,269.1609148
2024,10,wind,Wind,227.8698903
2024,11,wind,Wind,195.69289750000002
2024,12,wind,Wind,167.70132416666667
2024,13,wind,Wind,152.9644711
2024,14,wind,Wind,148.7654025
2024,15,wind,Wind,154.6499553
2024,16,wind,Wind,172.84358220000001
2024,17,wind,Wind,184.99046143333334
2024,18,wind,Wind,241.6781992
2024,19,wind,Wind,324.3212869
2024,20,wind,Wind,394.70771916666666
2024,21,wind,Wind,437.7340175333333
2024,22,wind,Wind,444.68102326666667
2024,23,wind,Wind,451.72116946666665
2025,0,wind,Wind,528.6012631333334
2025,1,wind,Wind,519.6409359
2025,2,wind,Wind,494.03097749999995
2025,3,wind,Wind,478.95773886666666
2025,4,wind,Wind,458.1307286666667
2025,5,wind,Wind,429.78236796666664
2025,6,wind,Wind,418.71475
2025,7,wind,Wind,384.8548689666667
2025,8,wind,Wind,329.7320660666667
2025,9,wind,Wind,291.51469276666666
2025,10,wind,Wind,266.36476853333335
2025,11,wind,Wind,239.52184186666668
2025,12,wind,Wind,228.75887953333333
2025,13,wind,Wind,220.4864608
2025,14,wind,Wind,228.51032193333333
2025,15,wind,Wind,240.5237317
2025,16,wind,Wind,243.98398443333332
2025,17,wind,Wind,267.07470946666666
2025,18,wind,Wind,347.8700131
2025,19,wind,Wind,423.3192655666666
2025,20,wind,Wind,478.8113194
2025,21,wind,Wind,509.23765643333337
2025,22,wind,Wind,527.9423778
2025,23,wind,Wind,537.0639676666666
2026,0,wind,Wind,1224.7944750333334
2026,1,wind,Wind,1188.1831891333334
2026,2,wind,Wind,1129.4606449999999
2026,3,wind,Wind,1065.7206655666666
2026,4,wind,Wind,1013.2019454666666
2026,5,wind,Wind,974.7026619000001
2026,6,wind,Wind,940.2656757666666
2026,7,wind,Wind,819.1120114
2026,8,wind,Wind,602.5298674666667
2026,9,wind,Wind,517.1659195333334
2026,10,wind,Wind,468.8562278666667
2026,11,wind,Wind,430.03708960000006
2026,12,wind,Wind,385.7485503666667
2026,13,wind,Wind,372.40375993333333
2026,14,wind,Wind,386.0401794333333
2026,15,wind,Wind,421.7261150333333
2026,16,wind,Wind,461.2490914
2026,17,wind,Wind,551.8818919
2026,18,wind,Wind,723.6009451000001
2026,19,wind,Wind,936.3240816333333
2026,20,wind,Wind,1076.0467836333332
2026,21,wind,Wind,1163.8013377
2026,22,wind,Wind,1201.1266179666668
2026,23,wind,Wind,1215.1950485999998
